Date,S&P Comp Price,Real Price,CAPE (Shiller P/E 10)
1871.01,4.44,89.52,NA
1871.02,4.50,88.04,NA
1871.03,4.61,88.87,NA
1871.04,4.74,94.84,NA
1871.05,4.86,99.50,NA
1871.06,4.82,100.24,NA
1871.07,4.73,98.37,NA
1871.08,4.79,101.21,NA
1871.09,4.84,99.87,NA
1871.1,4.59,93.25,NA
1871.11,4.64,94.27,NA
1871.12,4.74,94.13,NA
1872.01,4.86,96.51,NA
1872.02,4.88,96.91,NA
1872.03,5.04,98.60,NA
1872.04,5.18,99.14,NA
1872.05,5.18,99.14,NA
1872.06,5.13,98.90,NA
1872.07,5.10,99.78,NA
1872.08,5.04,97.88,NA
1872.09,4.95,95.43,NA
1872.1,4.97,97.96,NA
1872.11,4.95,94.74,NA
1872.12,5.07,98.46,NA
1873.01,5.11,99.24,NA
1873.02,5.15,97.85,NA
1873.03,5.11,97.09,NA
1873.04,5.04,95.76,NA
1873.05,5.05,98.07,NA
1873.06,4.98,99.64,NA
1873.07,4.97,99.44,NA
1873.08,4.97,99.44,NA
1873.09,4.59,91.84,NA
1873.1,4.19,85.78,NA
1873.11,4.04,85.36,NA
1873.12,4.42,91.20,NA
1874.01,4.66,94.67,NA
1874.02,4.80,97.52,NA
1874.03,4.73,96.10,NA
1874.04,4.60,94.91,NA
1874.05,4.48,93.17,NA
1874.06,4.46,94.99,NA
1874.07,4.46,94.23,NA
1874.08,4.47,95.21,NA
1874.09,4.54,96.70,NA
1874.1,4.53,98.07,NA
1874.11,4.57,99.75,NA
1874.12,4.54,99.10,NA
1875.01,4.54,99.10,NA
1875.02,4.53,98.88,NA
1875.03,4.59,100.19,NA
1875.04,4.65,100.67,NA
1875.05,4.47,99.21,NA
1875.06,4.38,98.87,NA
1875.07,4.39,99.10,NA
1875.08,4.41,98.71,NA
1875.09,4.37,98.65,NA
1875.1,4.30,97.07,NA
1875.11,4.37,99.50,NA
1875.12,4.37,100.36,NA
1876.01,4.46,103.33,NA
1876.02,4.52,104.72,NA
1876.03,4.51,104.49,NA
1876.04,4.34,101.44,NA
1876.05,4.18,101.28,NA
1876.06,4.15,103.40,NA
1876.07,4.10,102.16,NA
1876.08,3.93,97.01,NA
1876.09,3.69,90.24,NA
1876.1,3.67,88.12,NA
1876.11,3.60,85.66,NA
1876.12,3.58,83.67,NA
1877.01,3.55,81.53,NA
1877.02,3.34,78.76,NA
1877.03,3.17,78.25,NA
1877.04,2.94,70.59,NA
1877.05,2.94,69.33,NA
1877.06,2.73,68.02,NA
1877.07,2.85,70.35,NA
1877.08,3.05,78.21,NA
1877.09,3.24,83.89,NA
1877.1,3.31,85.71,NA
1877.11,3.26,86.10,NA
1877.12,3.25,85.84,NA
1878.01,3.25,88.49,NA
1878.02,3.18,87.49,NA
1878.03,3.24,91.03,NA
1878.04,3.33,94.57,NA
1878.05,3.34,98.01,NA
1878.06,3.41,102.34,NA
1878.07,3.48,103.27,NA
1878.08,3.45,101.24,NA
1878.09,3.52,103.30,NA
1878.1,3.48,103.27,NA
1878.11,3.47,104.14,NA
1878.12,3.45,105.95,NA
1879.01,3.58,108.68,NA
1879.02,3.71,111.35,NA
1879.03,3.65,110.81,NA
1879.04,3.77,115.78,NA
1879.05,3.94,121.00,NA
1879.06,3.96,123.04,NA
1879.07,4.04,124.07,NA
1879.08,4.07,124.99,NA
1879.09,4.22,125.23,NA
1879.1,4.68,131.49,NA
1879.11,4.93,131.52,NA
1879.12,4.92,127.39,NA
1880.01,5.11,128.53,NA
1880.02,5.20,130.80,NA
1880.03,5.30,132.06,NA
1880.04,5.18,134.13,NA
1880.05,4.77,127.25,NA
1880.06,4.79,130.42,NA
1880.07,5.01,136.41,NA
1880.08,5.19,141.31,NA
1880.09,5.18,139.60,NA
1880.1,5.33,143.64,NA
1880.11,5.61,149.66,NA
1880.12,5.84,154.24,NA
1881.01,6.19,165.14,18.47
1881.02,6.17,162.96,18.15
1881.03,6.24,164.80,18.27
1881.04,6.22,162.65,17.95
1881.05,6.50,171.67,18.87
1881.06,6.58,173.78,19.03
1881.07,6.35,166.05,18.12
1881.08,6.20,158.98,17.29
1881.09,6.25,154.27,16.72
1881.1,6.15,150.40,16.26
1881.11,6.19,152.79,16.48
1881.12,6.01,148.35,15.96
1882.01,5.92,146.12,15.68
1882.02,5.79,141.59,15.15
1882.03,5.78,141.35,15.09
1882.04,5.78,140.05,14.92
1882.05,5.71,137.10,14.57
1882.06,5.68,135.15,14.33
1882.07,6.00,144.06,15.24
1882.08,6.18,147.05,15.53
1882.09,6.24,152.60,16.08
1882.1,6.07,149.83,15.76
1882.11,5.81,144.76,15.19
1882.12,5.84,146.90,15.38
1883.01,5.81,146.14,15.27
1883.02,5.68,141.52,14.76
1883.03,5.75,144.63,15.05
1883.04,5.87,149.07,15.48
1883.05,5.77,147.95,15.34
1883.06,5.82,153.71,15.90
1883.07,5.73,154.42,15.95
1883.08,5.47,147.42,15.20
1883.09,5.53,150.57,15.49
1883.1,5.38,146.49,15.05
1883.11,5.46,150.21,15.41
1883.12,5.34,145.40,14.90
1884.01,5.18,141.04,14.43
1884.02,5.32,144.85,14.81
1884.03,5.30,144.31,14.74
1884.04,5.06,140.67,14.35
1884.05,4.65,132.06,13.47
1884.06,4.46,126.66,12.91
1884.07,4.46,128.04,13.04
1884.08,4.74,136.07,13.86
1884.09,4.59,133.22,13.57
1884.1,4.44,130.29,13.27
1884.11,4.35,130.55,13.30
1884.12,4.34,131.75,13.43
1885.01,4.24,128.72,13.13
1885.02,4.37,131.15,13.38
1885.03,4.38,134.51,13.73
1885.04,4.37,132.66,13.55
1885.05,4.32,134.23,13.71
1885.06,4.30,136.83,13.98
1885.07,4.46,140.23,14.33
1885.08,4.71,148.09,15.13
1885.09,4.65,147.97,15.12
1885.1,4.92,156.56,15.99
1885.11,5.24,164.75,16.82
1885.12,5.20,159.70,16.30
1886.01,5.20,163.50,16.69
1886.02,5.30,166.64,17.01
1886.03,5.19,165.15,16.84
1886.04,5.12,164.91,16.80
1886.05,5.02,165.73,16.86
1886.06,5.25,175.52,17.83
1886.07,5.33,175.96,17.85
1886.08,5.37,175.10,17.72
1886.09,5.51,179.66,18.15
1886.1,5.65,184.23,18.56
1886.11,5.79,188.79,18.97
1886.12,5.64,181.66,18.19
1887.01,5.58,175.45,17.51
1887.02,5.54,172.14,17.13
1887.03,5.67,176.18,17.47
1887.04,5.80,180.22,17.82
1887.05,5.90,183.32,18.08
1887.06,5.73,180.16,17.71
1887.07,5.59,177.88,17.43
1887.08,5.45,171.36,16.74
1887.09,5.38,171.19,16.68
1887.1,5.20,163.50,15.88
1887.11,5.30,164.68,15.95
1887.12,5.27,159.98,15.46
1888.01,5.31,159.37,15.36
1888.02,5.28,160.29,15.42
1888.03,5.08,154.22,14.81
1888.04,5.10,156.62,15.02
1888.05,5.17,160.64,15.39
1888.06,5.01,157.52,15.08
1888.07,5.14,159.71,15.28
1888.08,5.25,163.13,15.60
1888.09,5.38,167.17,15.99
1888.1,5.35,164.30,15.72
1888.11,5.24,159.07,15.22
1888.12,5.14,156.04,14.95
1889.01,5.24,164.75,15.80
1889.02,5.30,168.65,16.19
1889.03,5.19,167.16,16.07
1889.04,5.18,166.84,16.05
1889.05,5.32,175.63,16.92
1889.06,5.41,178.60,17.22
1889.07,5.30,174.97,16.89
1889.08,5.37,177.28,17.13
1889.09,5.50,179.33,17.35
1889.1,5.40,176.07,17.05
1889.11,5.35,174.44,16.91
1889.12,5.32,171.35,16.61
1890.01,5.38,177.61,17.22
1890.02,5.32,175.63,17.03
1890.03,5.28,174.31,16.90
1890.04,5.39,177.94,17.26
1890.05,5.62,183.25,17.79
1890.06,5.58,181.94,17.68
1890.07,5.54,180.64,17.59
1890.08,5.41,170.10,16.60
1890.09,5.32,165.30,16.17
1890.1,5.08,157.85,15.48
1890.11,4.71,149.87,14.75
1890.12,4.60,146.37,14.44
1891.01,4.84,155.89,15.43
1891.02,4.90,155.92,15.48
1891.03,4.81,151.23,15.05
1891.04,4.97,154.43,15.41
1891.05,4.95,155.64,15.57
1891.06,4.85,156.21,15.66
1891.07,4.77,155.53,15.62
1891.08,4.93,160.75,16.16
1891.09,5.33,175.96,17.71
1891.1,5.33,175.96,17.72
1891.11,5.25,175.52,17.67
1891.12,5.41,180.87,18.21
1892.01,5.51,188.99,19.02
1892.02,5.52,189.34,19.04
1892.03,5.58,196.50,19.74
1892.04,5.57,198.80,19.94
1892.05,5.57,198.80,19.91
1892.06,5.54,197.73,19.77
1892.07,5.54,192.52,19.21
1892.08,5.62,192.77,19.20
1892.09,5.48,187.96,18.69
1892.1,5.59,191.74,19.04
1892.11,5.57,186.21,18.46
1892.12,5.51,181.91,18.01
1893.01,5.61,178.51,17.66
1893.02,5.51,173.24,17.13
1893.03,5.31,171.03,16.90
1893.04,5.31,173.14,17.10
1893.05,4.84,159.79,15.78
1893.06,4.61,156.10,15.42
1893.07,4.18,145.26,14.35
1893.08,4.08,147.61,14.59
1893.09,4.37,151.86,15.01
1893.1,4.50,154.35,15.27
1893.11,4.57,160.93,15.94
1893.12,4.41,157.40,15.61
1894.01,4.32,158.47,15.74
1894.02,4.38,162.93,16.20
1894.03,4.51,172.63,17.19
1894.04,4.57,174.93,17.43
1894.05,4.40,168.42,16.81
1894.06,4.34,166.12,16.61
1894.07,4.25,162.68,16.29
1894.08,4.41,164.05,16.46
1894.09,4.48,164.34,16.52
1894.1,4.34,163.75,16.50
1894.11,4.34,163.75,16.54
1894.12,4.30,164.59,16.67
1895.01,4.25,162.68,16.52
1895.02,4.19,160.38,16.33
1895.03,4.19,160.38,16.36
1895.04,4.37,160.30,16.39
1895.05,4.61,166.79,17.08
1895.06,4.70,167.75,17.21
1895.07,4.72,170.77,17.55
1895.08,4.79,175.71,18.07
1895.09,4.82,176.81,18.20
1895.1,4.75,174.24,17.94
1895.11,4.59,168.37,17.34
1895.12,4.32,160.70,16.55
1896.01,4.27,161.11,16.58
1896.02,4.45,170.33,17.52
1896.03,4.38,167.65,17.23
1896.04,4.42,171.67,17.64
1896.05,4.40,173.45,17.83
1896.06,4.32,172.87,17.78
1896.07,4.04,161.67,16.64
1896.08,3.81,152.46,15.70
1896.09,4.01,160.47,16.54
1896.1,4.10,159.24,16.44
1896.11,4.38,165.26,17.09
1896.12,4.22,159.22,16.50
1897.01,4.22,163.90,17.03
1897.02,4.18,162.35,16.89
1897.03,4.19,162.74,16.96
1897.04,4.06,160.04,16.70
1897.05,4.08,163.27,17.05
1897.06,4.27,170.87,17.85
1897.07,4.46,178.47,18.65
1897.08,4.75,181.82,19.01
1897.09,4.98,185.25,19.37
1897.1,4.82,181.86,19.03
1897.11,4.65,175.45,18.36
1897.12,4.75,179.22,18.75
1898.01,4.88,184.12,19.25
1898.02,4.87,181.16,18.92
1898.03,4.65,172.97,18.04
1898.04,4.57,170.00,17.71
1898.05,4.87,169.24,17.60
1898.06,5.06,188.23,19.54
1898.07,5.08,191.67,19.86
1898.08,5.27,198.84,20.54
1898.09,5.26,198.46,20.44
1898.1,5.15,194.31,19.95
1898.11,5.32,200.72,20.53
1898.12,5.65,210.17,21.40
1899.01,6.08,226.17,22.93
1899.02,6.31,228.29,23.05
1899.03,6.40,231.55,23.28
1899.04,6.48,231.28,23.15
1899.05,6.21,221.64,22.09
1899.06,6.07,213.75,21.21
1899.07,6.28,218.24,21.56
1899.08,6.44,220.89,21.73
1899.09,6.37,210.30,20.59
1899.1,6.34,206.72,20.15
1899.11,6.46,208.07,20.20
1899.12,6.02,191.56,18.51
1900.01,6.10,194.11,18.67
1900.02,6.21,195.25,18.70
1900.03,6.26,196.83,18.78
1900.04,6.34,199.34,18.94
1900.05,6.04,194.54,18.40
1900.06,5.86,191.07,17.99
1900.07,5.86,188.74,17.69
1900.08,5.94,193.68,18.07
1900.09,5.80,186.81,17.34
1900.1,6.01,195.96,18.10
1900.11,6.48,211.29,19.42
1900.12,6.87,226.81,20.74
1901.01,7.07,230.53,20.98
1901.02,7.25,239.35,21.68
1901.03,7.51,247.93,22.35
1901.04,8.14,272.13,24.41
1901.05,7.73,258.43,23.06
1901.06,8.50,284.17,25.24
1901.07,7.93,261.80,23.14
1901.08,8.04,262.15,23.08
1901.09,8.00,257.67,22.59
1901.1,7.91,254.77,22.25
1901.11,8.08,257.11,22.38
1901.12,7.95,249.96,21.68
1902.01,8.12,258.38,22.34
1902.02,8.19,260.61,22.46
1902.03,8.20,260.93,22.41
1902.04,8.48,266.63,22.82
1902.05,8.46,262.87,22.43
1902.06,8.41,258.28,21.96
1902.07,8.60,264.11,22.39
1902.08,8.83,274.36,23.17
1902.09,8.85,271.79,22.86
1902.1,8.57,246.02,20.60
1902.11,8.24,244.53,20.41
1902.12,8.05,236.23,19.63
1903.01,8.46,245.54,20.32
1903.02,8.41,244.08,20.11
1903.03,8.08,242.50,19.88
1903.04,7.75,232.60,18.98
1903.05,7.60,233.40,18.95
1903.06,7.18,220.50,17.82
1903.07,6.85,210.37,16.92
1903.08,6.63,203.61,16.30
1903.09,6.47,196.41,15.65
1903.1,6.26,192.25,15.25
1903.11,6.28,195.13,15.41
1903.12,6.57,204.14,16.04
1904.01,6.68,202.79,15.86
1904.02,6.50,192.89,15.02
1904.03,6.48,194.48,15.08
1904.04,6.64,201.57,15.57
1904.05,6.50,201.97,15.53
1904.06,6.51,202.28,15.47
1904.07,6.78,210.67,16.04
1904.08,7.01,215.28,16.30
1904.09,7.32,222.22,16.74
1904.1,7.75,235.27,17.63
1904.11,8.17,242.45,18.08
1904.12,8.25,244.82,18.16
1905.01,8.43,250.16,18.46
1905.02,8.80,261.14,19.17
1905.03,9.05,271.61,19.83
1905.04,8.94,268.31,19.48
1905.05,8.50,258.04,18.63
1905.06,8.60,261.07,18.74
1905.07,8.87,269.27,19.21
1905.08,9.20,276.12,19.57
1905.09,9.23,280.20,19.74
1905.1,9.36,284.15,19.90
1905.11,9.31,279.42,19.44
1905.12,9.54,283.10,19.58
1906.01,9.87,292.90,20.13
1906.02,9.80,290.82,19.87
1906.03,9.56,283.70,19.26
1906.04,9.43,279.84,18.88
1906.05,9.18,269.39,18.05
1906.06,9.30,272.92,18.17
1906.07,9.06,275.04,18.20
1906.08,9.73,288.74,18.97
1906.09,10.03,294.34,19.20
1906.1,9.73,279.33,18.10
1906.11,9.93,282.00,18.14
1906.12,9.84,276.47,17.66
1907.01,9.56,271.50,17.22
1907.02,9.26,257.44,16.22
1907.03,8.35,234.61,14.69
1907.04,8.39,235.73,14.67
1907.05,8.10,222.84,13.79
1907.06,7.84,213.47,13.14
1907.07,8.14,221.64,13.59
1907.08,7.53,205.03,12.51
1907.09,7.45,202.85,12.33
1907.1,6.64,178.95,10.83
1907.11,6.25,175.61,10.59
1907.12,6.57,188.61,11.33
1908.01,6.85,198.81,11.90
1908.02,6.60,193.68,11.55
1908.03,6.87,201.60,11.98
1908.04,7.24,210.13,12.45
1908.05,7.63,221.45,13.08
1908.06,7.64,221.74,13.05
1908.07,7.92,227.36,13.35
1908.08,8.26,237.12,13.88
1908.09,8.17,234.54,13.70
1908.1,8.27,234.86,13.69
1908.11,8.83,248.10,14.44
1908.12,9.03,251.04,14.58
1909.01,9.06,254.56,14.76
1909.02,8.80,244.65,14.17
1909.03,8.92,247.99,14.34
1909.04,9.32,253.77,14.65
1909.05,9.63,259.53,14.95
1909.06,9.80,261.44,15.04
1909.07,9.94,265.18,15.23
1909.08,10.18,268.86,15.42
1909.09,10.19,266.47,15.25
1909.1,10.23,262.32,14.99
1909.11,10.18,258.52,14.75
1909.12,10.30,259.08,14.75
1910.01,10.08,255.98,14.55
1910.02,9.72,246.84,14.00
1910.03,9.96,248.17,14.05
1910.04,9.72,239.92,13.56
1910.05,9.56,240.47,13.57
1910.06,9.10,231.10,13.02
1910.07,8.64,219.41,12.34
1910.08,8.85,226.93,12.75
1910.09,8.91,230.71,12.94
1910.1,9.32,248.64,13.92
1910.11,9.31,253.49,14.16
1910.12,9.05,246.41,13.74
1911.01,9.27,252.40,14.05
1911.02,9.43,264.95,14.72
1911.03,9.32,259.11,14.37
1911.04,9.28,266.41,14.75
1911.05,9.48,272.15,15.05
1911.06,9.67,277.60,15.33
1911.07,9.63,273.48,15.08
1911.08,9.17,252.28,13.90
1911.09,8.67,236.07,13.00
1911.1,8.72,237.43,13.07
1911.11,9.07,249.53,13.73
1911.12,9.11,253.27,13.93
1912.01,9.12,250.90,13.79
1912.02,9.04,246.14,13.53
1912.03,9.30,248.10,13.64
1912.04,9.59,248.32,13.65
1912.05,9.58,248.06,13.65
1912.06,9.58,250.51,13.79
1912.07,9.59,250.78,13.80
1912.08,9.81,254.01,13.98
1912.09,9.86,252.83,13.93
1912.1,9.84,252.32,13.91
1912.11,9.73,249.50,13.75
1912.12,9.38,242.88,13.39
1913.01,9.30,238.47,13.15
1913.02,8.97,230.01,12.68
1913.03,8.80,225.65,12.44
1913.04,8.79,225.39,12.43
1913.05,8.55,221.50,12.22
1913.06,8.12,208.21,11.49
1913.07,8.23,208.90,11.53
1913.08,8.45,214.48,11.85
1913.09,8.53,214.35,11.84
1913.1,8.26,207.57,11.47
1913.11,8.05,200.29,11.07
1913.12,8.04,202.04,11.17
1914.01,8.37,210.33,11.64
1914.02,8.48,215.25,11.91
1914.03,8.32,211.19,11.69
1914.04,8.12,208.21,11.52
1914.05,8.17,207.38,11.48
1914.06,8.13,206.36,11.43
1914.07,7.68,192.99,10.69
1914.08,7.68,189.21,10.49
1914.09,7.68,189.21,10.50
1914.1,7.68,191.08,10.61
1914.11,7.68,189.21,10.52
1914.12,7.35,182.87,10.17
1915.01,7.48,186.10,10.36
1915.02,7.38,185.45,10.33
1915.03,7.57,192.15,10.71
1915.04,8.14,204.55,11.40
1915.05,7.95,197.80,11.03
1915.06,8.04,200.04,11.15
1915.07,8.01,199.29,11.11
1915.08,8.35,207.75,11.58
1915.09,8.66,215.46,12.01
1915.1,9.14,225.18,12.55
1915.11,9.46,230.80,12.86
1915.12,9.48,231.28,12.88
1916.01,9.33,225.44,12.54
1916.02,9.20,222.30,12.35
1916.03,9.17,219.46,12.18
1916.04,9.07,215.02,11.91
1916.05,9.27,217.71,12.03
1916.06,9.36,217.78,12.00
1916.07,9.23,214.76,11.79
1916.08,9.30,214.40,11.73
1916.09,9.68,219.14,11.94
1916.1,9.98,221.94,12.05
1916.11,10.21,223.10,12.05
1916.12,9.80,212.30,11.41
1917.01,9.57,205.54,10.99
1917.02,9.03,189.10,10.06
1917.03,9.31,194.96,10.33
1917.04,9.17,182.88,9.64
1917.05,8.86,173.94,9.14
1917.06,9.04,174.74,9.15
1917.07,8.79,172.57,9.00
1917.08,8.53,164.88,8.57
1917.09,8.12,153.42,7.95
1917.1,7.68,142.96,7.39
1917.11,7.04,131.04,6.75
1917.12,6.80,124.73,6.41
1918.01,7.21,129.41,6.64
1918.02,7.43,132.42,6.78
1918.03,7.28,130.67,6.69
1918.04,7.21,127.59,6.52
1918.05,7.44,128.94,6.58
1918.06,7.45,127.35,6.50
1918.07,7.51,124.98,6.37
1918.08,7.58,123.69,6.30
1918.09,7.54,120.68,6.15
1918.1,7.86,123.45,6.29
1918.11,8.06,124.26,6.33
1918.12,7.90,120.31,6.13
1919.01,7.85,119.55,6.10
1919.02,7.88,122.23,6.24
1919.03,8.12,124.42,6.36
1919.04,8.39,126.25,6.46
1919.05,8.97,133.38,6.83
1919.06,9.21,136.95,7.02
1919.07,9.51,137.34,7.05
1919.08,8.87,125.93,6.48
1919.09,9.01,127.20,6.56
1919.1,9.47,131.48,6.79
1919.11,9.19,124.83,6.47
1919.12,8.92,118.60,6.16
1920.01,8.83,114.97,5.99
1920.02,8.10,104.38,5.46
1920.03,8.67,110.59,5.80
1920.04,8.60,106.46,5.60
1920.05,8.06,98.32,5.19
1920.06,7.92,95.23,5.04
1920.07,7.91,95.56,5.08
1920.08,7.60,94.08,5.02
1920.09,7.87,98.88,5.30
1920.1,7.88,99.51,5.35
1920.11,7.48,94.93,5.13
1920.12,6.81,88.21,4.78
1921.01,7.11,94.04,5.12
1921.02,7.06,96.42,5.27
1921.03,6.88,94.47,5.19
1921.04,6.91,95.93,5.30
1921.05,7.12,101.08,5.61
1921.06,6.55,93.52,5.22
1921.07,6.53,92.71,5.20
1921.08,6.45,91.57,5.16
1921.09,6.61,94.92,5.38
1921.1,6.70,96.21,5.48
1921.11,7.06,101.96,5.84
1921.12,7.31,106.18,6.11
1922.01,7.30,108.55,6.29
1922.02,7.46,110.92,6.46
1922.03,7.74,116.47,6.82
1922.04,8.21,123.54,7.27
1922.05,8.53,128.35,7.59
1922.06,8.45,127.15,7.56
1922.07,8.51,127.29,7.60
1922.08,8.83,133.67,8.02
1922.09,9.06,137.15,8.27
1922.1,9.26,139.34,8.43
1922.11,8.80,131.63,8.00
1922.12,8.78,130.55,7.96
1923.01,8.90,133.12,8.15
1923.02,9.28,138.81,8.53
1923.03,9.43,141.05,8.70
1923.04,9.10,135.31,8.37
1923.05,8.67,128.92,8.00
1923.06,8.34,123.28,7.67
1923.07,8.06,117.76,7.35
1923.08,8.10,119.03,7.44
1923.09,8.15,119.07,7.46
1923.1,8.03,116.64,7.32
1923.11,8.27,120.13,7.55
1923.12,8.55,124.19,7.81
1924.01,8.83,128.26,8.07
1924.02,8.87,129.59,8.16
1924.03,8.70,127.85,8.06
1924.04,8.50,125.65,7.92
1924.05,8.47,125.20,7.90
1924.06,8.63,127.57,8.05
1924.07,9.03,132.70,8.38
1924.08,9.34,138.06,8.72
1924.09,9.25,135.93,8.58
1924.1,9.13,133.39,8.42
1924.11,9.64,140.84,8.89
1924.12,10.16,147.58,9.31
1925.01,10.58,153.68,9.69
1925.02,10.67,155.89,9.83
1925.03,10.39,150.92,9.52
1925.04,10.28,150.19,9.48
1925.05,10.61,154.11,9.73
1925.06,10.80,155.08,9.80
1925.07,11.10,157.59,9.96
1925.08,11.25,159.72,10.11
1925.09,11.51,163.41,10.36
1925.1,11.89,168.80,10.72
1925.11,12.26,171.16,10.89
1925.12,12.46,174.92,11.15
1926.01,12.65,177.59,11.34
1926.02,12.67,177.87,11.39
1926.03,11.81,166.73,10.71
1926.04,11.48,161.16,10.40
1926.05,11.56,163.20,10.58
1926.06,12.11,171.93,11.20
1926.07,12.62,181.22,11.87
1926.08,13.12,189.48,12.49
1926.09,13.32,191.27,12.69
1926.1,13.02,185.90,12.43
1926.11,13.19,187.26,12.62
1926.12,13.49,191.52,13.01
1927.01,13.40,192.42,13.19
1927.02,13.66,197.28,13.63
1927.03,13.87,201.47,14.03
1927.04,14.21,206.41,14.49
1927.05,14.70,212.30,15.00
1927.06,14.89,212.60,15.12
1927.07,15.22,221.08,15.82
1927.08,16.03,234.20,16.86
1927.09,16.94,246.06,17.82
1927.1,16.68,240.89,17.54
1927.11,17.06,247.80,18.13
1927.12,17.46,253.61,18.65
1928.01,17.53,254.63,18.81
1928.02,17.32,254.52,18.87
1928.03,18.25,268.19,19.94
1928.04,19.40,285.09,21.26
1928.05,20.00,292.20,21.83
1928.06,19.02,279.51,20.91
1928.07,19.16,281.56,21.08
1928.08,19.78,290.67,21.76
1928.09,21.17,307.50,23.00
1928.1,21.60,315.57,23.58
1928.11,23.06,336.90,25.12
1928.12,23.15,340.20,25.30
1929.01,24.86,365.33,27.08
1929.02,24.99,367.24,27.13
1929.03,25.43,375.90,27.68
1929.04,25.28,375.89,27.57
1929.05,25.66,379.30,27.70
1929.06,26.15,384.28,27.94
1929.07,28.48,413.68,29.93
1929.08,30.10,437.22,31.48
1929.09,31.30,454.65,32.56
1929.1,27.99,406.57,28.96
1929.11,20.58,298.93,21.17
1929.12,21.40,312.65,22.01
1930.01,21.71,319.04,22.31
1930.02,23.07,341.02,23.70
1930.03,23.94,355.97,24.59
1930.04,25.46,376.34,25.84
1930.05,23.94,355.97,24.31
1930.06,21.52,321.89,21.87
1930.07,21.06,318.81,21.55
1930.08,20.79,316.63,21.30
1930.09,20.78,314.57,21.07
1930.1,17.92,272.92,18.21
1930.11,16.62,254.66,16.94
1930.12,15.51,242.08,16.06
1931.01,15.98,252.55,16.71
1931.02,17.20,275.30,18.16
1931.03,17.53,282.38,18.58
1931.04,15.86,257.13,16.87
1931.05,14.33,235.36,15.40
1931.06,13.87,230.82,15.06
1931.07,14.33,238.48,15.52
1931.08,13.90,231.32,15.01
1931.09,11.83,198.18,12.82
1931.1,10.25,172.87,11.15
1931.11,10.39,177.61,11.42
1931.12,8.44,145.27,9.31
1932.01,8.30,145.85,9.31
1932.02,8.23,146.67,9.34
1932.03,8.26,148.26,9.41
1932.04,6.28,113.53,7.19
1932.05,5.51,101.07,6.39
1932.06,4.77,88.14,5.57
1932.07,5.01,92.57,5.84
1932.08,7.53,140.16,8.83
1932.09,8.26,154.90,9.76
1932.1,7.12,134.53,8.48
1932.11,7.05,134.21,8.46
1932.12,6.82,130.82,8.26
1933.01,7.09,138.11,8.73
1933.02,6.25,123.67,7.83
1933.03,6.23,124.25,7.87
1933.04,6.89,137.41,8.72
1933.05,8.87,176.90,11.25
1933.06,10.39,205.58,13.10
1933.07,11.23,215.42,13.75
1933.08,10.67,203.13,13.00
1933.09,10.58,201.41,12.92
1933.1,9.55,181.80,11.70
1933.11,9.78,186.18,12.01
1933.12,9.97,189.80,12.28
1934.01,10.54,200.65,13.03
1934.02,11.32,213.88,13.93
1934.03,10.74,202.92,13.25
1934.04,10.92,206.32,13.52
1934.05,9.81,185.35,12.18
1934.06,9.94,186.40,12.29
1934.07,9.47,177.59,11.74
1934.08,9.10,170.65,11.32
1934.09,8.88,164.08,10.91
1934.1,8.95,166.60,11.11
1934.11,9.20,171.25,11.45
1934.12,9.26,173.65,11.64
1935.01,9.26,171.10,11.50
1935.02,8.98,164.71,11.09
1935.03,8.41,154.26,10.40
1935.04,9.04,164.61,11.10
1935.05,9.75,177.54,11.99
1935.06,10.12,185.62,12.54
1935.07,10.65,195.35,13.20
1935.08,11.37,208.55,14.11
1935.09,11.61,212.95,14.42
1935.1,11.92,218.64,14.83
1935.11,13.04,237.45,16.13
1935.12,13.04,237.45,16.16
1936.01,13.76,250.56,17.09
1936.02,14.55,264.95,18.10
1936.03,14.86,272.57,18.66
1936.04,14.88,272.93,18.72
1936.05,14.09,258.44,17.75
1936.06,14.69,267.50,18.39
1936.07,15.56,281.30,19.36
1936.08,15.87,284.86,19.62
1936.09,16.05,288.09,19.86
1936.1,16.89,303.16,20.91
1936.11,17.36,311.60,21.50
1936.12,17.06,306.21,21.13
1937.01,17.59,313.49,21.62
1937.02,18.11,322.76,22.24
1937.03,18.09,320.13,22.04
1937.04,17.01,298.91,20.56
1937.05,16.25,283.57,19.47
1937.06,15.64,272.93,18.71
1937.07,16.57,287.16,19.65
1937.08,16.74,290.11,19.81
1937.09,14.37,247.33,16.85
1937.1,12.28,211.36,14.36
1937.11,11.20,194.10,13.16
1937.12,11.02,192.31,13.01
1938.01,11.31,200.15,13.51
1938.02,11.04,196.75,13.26
1938.03,10.31,183.74,12.38
1938.04,9.89,175.02,11.79
1938.05,9.98,177.86,11.99
1938.06,10.21,181.96,12.29
1938.07,12.24,218.14,14.77
1938.08,12.31,219.39,14.90
1938.09,11.75,209.41,14.28
1938.1,13.06,234.42,16.06
1938.11,13.07,234.60,16.15
1938.12,12.69,227.78,15.76
1939.01,12.50,224.37,15.60
1939.02,12.40,224.17,15.66
1939.03,12.39,223.99,15.73
1939.04,10.83,197.21,13.92
1939.05,11.23,204.49,14.50
1939.06,11.43,208.13,14.83
1939.07,11.71,213.23,15.27
1939.08,11.54,210.14,15.12
1939.09,12.77,227.59,16.45
1939.1,12.90,231.55,16.82
1939.11,12.67,227.42,16.60
1939.12,12.37,222.03,16.28
1940.01,12.30,222.36,16.38
1940.02,12.22,219.34,16.22
1940.03,12.15,218.08,16.17
1940.04,12.27,220.24,16.37
1940.05,10.58,189.90,14.14
1940.06,9.67,172.34,12.84
1940.07,9.99,179.31,13.37
1940.08,10.20,183.08,13.65
1940.09,10.63,190.80,14.21
1940.1,10.73,192.60,14.33
1940.11,10.98,197.08,14.64
1940.12,10.53,187.67,13.91
1941.01,10.55,188.02,13.90
1941.02,9.89,176.26,13.00
1941.03,9.95,176.08,12.96
1941.04,9.64,169.40,12.43
1941.05,9.43,164.56,12.04
1941.06,9.76,166.84,12.16
1941.07,10.26,175.39,12.74
1941.08,10.21,172.19,12.46
1941.09,10.24,170.41,12.28
1941.1,9.83,161.45,11.58
1941.11,9.37,152.90,10.91
1941.12,8.76,142.02,10.09
1942.01,8.93,142.93,10.10
1942.02,8.65,137.57,9.68
1942.03,8.18,128.47,9.00
1942.04,7.84,122.37,8.54
1942.05,7.93,122.25,8.51
1942.06,8.33,128.42,8.91
1942.07,8.64,132.39,9.15
1942.08,8.59,130.82,9.01
1942.09,8.68,132.19,9.08
1942.1,9.32,140.24,9.60
1942.11,9.47,141.65,9.66
1942.12,9.52,141.56,9.62
1943.01,10.09,150.03,10.15
1943.02,10.69,158.95,10.71
1943.03,11.07,161.73,10.85
1943.04,11.44,165.22,11.04
1943.05,11.89,170.73,11.36
1943.06,12.10,173.75,11.52
1943.07,12.35,178.36,11.77
1943.08,11.74,170.53,11.21
1943.09,11.99,173.16,11.34
1943.1,11.88,171.57,11.19
1943.11,11.33,163.63,10.63
1943.12,11.48,165.79,10.74
1944.01,11.85,171.14,11.05
1944.02,11.77,169.98,10.95
1944.03,12.10,174.75,11.22
1944.04,11.89,170.73,10.94
1944.05,12.10,173.75,11.10
1944.06,12.67,180.90,11.53
1944.07,13.00,184.56,11.74
1944.08,12.81,181.87,11.54
1944.09,12.60,178.88,11.33
1944.1,12.91,183.29,11.58
1944.11,12.82,182.01,11.48
1944.12,13.10,184.94,11.64
1945.01,13.49,190.44,11.96
1945.02,13.94,196.80,12.34
1945.03,13.93,196.66,12.32
1945.04,14.28,201.60,12.63
1945.05,14.82,208.05,13.04
1945.06,15.09,209.50,13.13
1945.07,14.78,205.20,12.87
1945.08,14.83,205.89,12.92
1945.09,15.84,219.91,13.80
1945.1,16.50,229.08,14.37
1945.11,17.04,236.57,14.85
1945.12,17.33,239.28,15.02
1946.01,18.02,248.80,15.62
1946.02,18.07,250.87,15.76
1946.03,17.53,240.72,15.13
1946.04,18.66,254.84,16.04
1946.05,18.70,254.01,16.01
1946.06,18.58,249.68,15.77
1946.07,18.05,229.08,14.51
1946.08,17.70,220.19,13.98
1946.09,15.09,185.88,11.84
1946.1,14.75,178.20,11.39
1946.11,14.69,173.31,11.11
1946.12,15.13,176.84,11.37
1947.01,15.21,177.77,11.47
1947.02,15.80,184.67,11.95
1947.03,15.16,173.95,11.29
1947.04,14.60,167.53,10.90
1947.05,14.34,164.54,10.73
1947.06,14.84,169.51,11.08
1947.07,15.77,178.51,11.70
1947.08,15.46,172.66,11.34
1947.09,15.06,164.54,10.83
1947.1,15.45,168.80,11.13
1947.11,15.27,166.11,10.98
1947.12,15.03,161.41,10.68
1948.01,14.83,157.24,10.42
1948.02,14.10,150.77,10.00
1948.03,14.30,153.57,10.19
1948.04,15.40,162.60,10.78
1948.05,16.15,169.80,11.24
1948.06,16.82,175.38,11.58
1948.07,16.42,169.11,11.13
1948.08,15.94,163.49,10.72
1948.09,15.76,161.65,10.55
1948.1,16.19,166.74,10.83
1948.11,15.29,158.77,10.25
1948.12,15.19,158.39,10.16
1949.01,15.36,160.83,10.25
1949.02,14.77,155.95,9.87
1949.03,14.91,157.43,9.90
1949.04,14.89,156.56,9.78
1949.05,14.78,156.05,9.69
1949.06,13.97,146.88,9.07
1949.07,14.76,156.50,9.61
1949.08,15.29,161.44,9.85
1949.09,15.49,162.87,9.88
1949.1,15.89,168.48,10.17
1949.11,16.11,170.10,10.22
1949.12,16.54,176.12,10.53
1950.01,16.88,180.50,10.75
1950.02,17.21,184.03,10.91
1950.03,17.35,184.74,10.91
1950.04,17.84,189.96,11.18
1950.05,18.44,195.52,11.46
1950.06,18.74,197.86,11.55
1950.07,17.38,181.22,10.54
1950.08,18.43,190.59,11.04
1950.09,19.08,196.50,11.34
1950.1,19.87,202.97,11.66
1950.11,19.83,201.74,11.54
1950.12,19.75,198.52,11.31
1951.01,21.21,209.84,11.90
1951.02,22.00,215.11,12.14
1951.03,21.63,210.67,11.84
1951.04,21.92,213.50,11.95
1951.05,21.93,212.77,11.86
1951.06,21.55,209.08,11.62
1951.07,21.93,212.77,11.78
1951.08,22.89,222.09,12.26
1951.09,23.48,226.06,12.44
1951.1,23.36,224.05,12.31
1951.11,22.71,216.17,11.85
1951.12,23.41,221.99,12.15
1952.01,24.19,229.39,12.53
1952.02,23.75,226.93,12.36
1952.03,23.81,227.50,12.36
1952.04,23.74,225.97,12.24
1952.05,23.73,225.88,12.20
1952.06,24.38,231.19,12.45
1952.07,25.08,236.04,12.67
1952.08,25.18,236.98,12.68
1952.09,24.78,233.22,12.43
1952.1,24.26,228.33,12.13
1952.11,25.03,235.57,12.47
1952.12,26.04,245.08,12.93
1953.01,26.18,247.32,13.01
1953.02,25.86,245.22,12.86
1953.03,25.99,245.53,12.83
1953.04,24.71,233.44,12.16
1953.05,24.84,233.78,12.14
1953.06,23.95,224.57,11.62
1953.07,24.29,227.76,11.75
1953.08,24.39,227.84,11.72
1953.09,23.27,217.38,11.14
1953.1,23.97,223.09,11.39
1953.11,24.50,228.87,11.64
1953.12,24.83,231.95,11.75
1954.01,25.46,237.84,12.00
1954.02,26.02,243.07,12.22
1954.03,26.57,248.21,12.42
1954.04,27.63,259.07,12.91
1954.05,28.73,268.39,13.31
1954.06,28.96,270.53,13.36
1954.07,30.13,281.46,13.83
1954.08,30.73,287.07,14.04
1954.09,31.45,294.89,14.36
1954.1,32.18,301.74,14.62
1954.11,33.44,313.55,15.12
1954.12,34.97,329.12,15.79
1955.01,35.60,335.05,15.99
1955.02,36.79,346.25,16.44
1955.03,36.50,343.52,16.22
1955.04,37.76,355.38,16.69
1955.05,37.60,353.88,16.52
1955.06,39.78,374.39,17.37
1955.07,42.69,400.28,18.45
1955.08,42.43,397.84,18.22
1955.09,44.34,414.21,18.84
1955.1,42.11,393.38,17.77
1955.11,44.95,419.91,18.84
1955.12,45.37,425.41,18.94
1956.01,44.15,413.97,18.29
1956.02,44.43,416.60,18.27
1956.03,47.49,445.29,19.37
1956.04,48.05,448.87,19.37
1956.05,46.54,433.15,18.54
1956.06,46.27,427.47,18.16
1956.07,48.78,447.37,18.86
1956.08,48.49,446.34,18.67
1956.09,46.84,429.58,17.84
1956.1,46.24,422.53,17.42
1956.11,45.76,418.15,17.12
1956.12,46.44,422.82,17.20
1957.01,45.43,413.63,16.72
1957.02,43.47,394.35,15.84
1957.03,44.03,398.00,15.90
1957.04,45.05,405.76,16.12
1957.05,46.78,419.83,16.60
1957.06,47.55,425.23,16.73
1957.07,48.51,430.74,16.87
1957.08,45.84,407.04,15.87
1957.09,43.98,390.52,15.16
1957.1,41.24,366.19,14.15
1957.11,40.35,357.03,13.74
1957.12,40.33,356.85,13.67
1958.01,41.12,361.30,13.79
1958.02,41.26,362.53,13.78
1958.03,42.11,367.42,13.93
1958.04,42.34,368.15,13.91
1958.05,43.70,379.98,14.32
1958.06,44.75,389.11,14.64
1958.07,45.98,398.42,14.96
1958.08,47.70,414.76,15.54
1958.09,48.96,425.71,15.93
1958.1,50.95,443.02,16.56
1958.11,52.50,454.92,16.99
1958.12,53.49,465.10,17.36
1959.01,55.62,481.96,17.98
1959.02,54.77,476.23,17.76
1959.03,56.16,488.32,18.20
1959.04,57.10,494.78,18.43
1959.05,57.96,502.23,18.69
1959.06,57.46,496.19,18.45
1959.07,59.74,514.11,19.09
1959.08,59.40,511.19,18.96
1959.09,57.05,489.29,18.12
1959.1,57.00,487.19,18.02
1959.11,57.23,489.16,18.07
1959.12,59.06,504.80,18.62
1960.01,58.03,497.69,18.34
1960.02,55.78,476.77,17.55
1960.03,55.02,470.27,17.29
1960.04,55.73,474.73,17.43
1960.05,55.22,470.38,17.26
1960.06,57.26,486.11,17.82
1960.07,55.84,474.06,17.38
1960.08,56.51,479.74,17.58
1960.09,54.81,465.31,17.05
1960.1,53.73,453.08,16.61
1960.11,55.47,467.75,17.15
1960.12,56.80,478.97,17.56
1961.01,59.72,503.59,18.47
1961.02,62.17,524.25,19.23
1961.03,64.12,540.70,19.84
1961.04,65.83,555.11,20.38
1961.05,66.50,560.76,20.60
1961.06,65.62,553.34,20.33
1961.07,65.44,548.15,20.15
1961.08,67.79,569.73,20.94
1961.09,67.26,563.39,20.71
1961.1,68.00,569.59,20.92
1961.11,71.08,595.39,21.86
1961.12,71.74,600.92,22.04
1962.01,69.07,578.55,21.20
1962.02,70.22,586.23,21.45
1962.03,70.29,586.82,21.44
1962.04,68.05,566.23,20.66
1962.05,62.99,524.13,19.09
1962.06,55.63,462.89,16.83
1962.07,56.97,472.47,17.14
1962.08,58.52,485.33,17.57
1962.09,58.00,479.43,17.32
1962.1,56.17,464.31,16.74
1962.11,60.04,496.30,17.85
1962.12,62.64,517.79,18.59
1963.01,65.06,537.79,19.26
1963.02,65.92,544.90,19.47
1963.03,65.67,541.06,19.29
1963.04,68.76,566.51,20.15
1963.05,70.14,577.88,20.51
1963.06,70.11,575.75,20.38
1963.07,69.07,565.36,19.97
1963.08,70.98,581.00,20.47
1963.09,72.85,596.30,20.96
1963.1,73.03,595.83,20.89
1963.11,72.62,592.49,20.72
1963.12,74.17,603.18,21.04
1964.01,76.45,621.72,21.63
1964.02,77.39,629.36,21.83
1964.03,78.80,640.83,22.17
1964.04,79.94,650.10,22.42
1964.05,80.72,656.44,22.57
1964.06,80.24,650.44,22.30
1964.07,83.22,672.42,22.98
1964.08,82.00,664.70,22.65
1964.09,83.41,673.96,22.89
1964.1,84.85,685.59,23.21
1964.11,85.44,688.15,23.23
1964.12,83.96,676.23,22.75
1965.01,86.12,693.62,23.27
1965.02,86.75,698.70,23.37
1965.03,86.83,697.11,23.25
1965.04,87.97,704.01,23.42
1965.05,89.28,714.50,23.71
1965.06,85.04,676.26,22.39
1965.07,84.91,675.22,22.30
1965.08,86.49,687.79,22.67
1965.09,89.38,710.77,23.37
1965.1,91.39,724.46,23.78
1965.11,92.15,730.48,23.93
1965.12,91.73,724.87,23.69
1966.01,93.32,737.43,24.06
1966.02,92.69,727.88,23.70
1966.03,88.88,695.78,22.61
1966.04,91.60,712.64,23.11
1966.05,86.78,675.14,21.85
1966.06,86.06,667.47,21.56
1966.07,85.84,663.71,21.38
1966.08,80.65,619.77,19.91
1966.09,77.81,597.95,19.16
1966.1,77.13,589.12,18.83
1966.11,80.99,618.60,19.71
1966.12,81.33,621.20,19.74
1967.01,84.45,645.03,20.43
1967.02,87.36,667.26,21.07
1967.03,89.42,680.92,21.44
1967.04,90.96,690.55,21.69
1967.05,92.59,700.81,21.95
1967.06,91.43,689.95,21.55
1967.07,93.01,699.77,21.80
1967.08,94.49,708.79,22.03
1967.09,95.81,716.55,22.22
1967.1,95.66,713.31,22.07
1967.11,92.66,688.89,21.26
1967.12,95.30,706.43,21.75
1968.01,95.04,700.37,21.51
1968.02,90.75,666.80,20.42
1968.03,89.09,652.69,19.93
1968.04,95.67,698.86,21.28
1968.05,97.87,712.86,21.63
1968.06,100.50,727.80,22.00
1968.07,100.30,722.19,21.75
1968.08,98.11,704.40,21.14
1968.09,101.30,725.23,21.68
1968.1,103.80,738.92,22.00
1968.11,105.40,748.19,22.20
1968.12,106.50,753.87,22.28
1969.01,102.00,719.99,21.19
1969.02,101.50,712.46,20.90
1969.03,99.30,691.22,20.20
1969.04,101.30,701.26,20.43
1969.05,104.60,722.11,20.97
1969.06,99.14,680.68,19.71
1969.07,94.71,646.73,18.68
1969.08,94.18,639.63,18.43
1969.09,94.51,640.15,18.40
1969.1,95.52,643.52,18.45
1969.11,96.21,644.71,18.44
1969.12,91.11,607.30,17.33
1970.01,90.31,600.37,17.09
1970.02,87.16,576.38,16.37
1970.03,88.65,583.16,16.53
1970.04,85.95,561.00,15.87
1970.05,76.06,495.16,13.98
1970.06,75.59,489.56,13.80
1970.07,75.72,487.89,13.73
1970.08,77.92,502.06,14.10
1970.09,82.58,529.38,14.84
1970.1,84.37,538.11,15.06
1970.11,84.28,534.82,14.95
1970.12,90.05,568.56,15.87
1971.01,93.49,590.28,16.46
1971.02,97.11,611.60,17.03
1971.03,99.60,625.71,17.40
1971.04,103.00,645.46,17.92
1971.05,101.60,633.53,17.56
1971.06,99.72,617.21,17.08
1971.07,99.00,611.25,16.89
1971.08,97.24,598.91,16.52
1971.09,99.40,612.21,16.86
1971.1,97.29,597.75,16.43
1971.11,92.78,570.04,15.64
1971.12,99.17,606.34,16.60
1972.01,103.30,631.59,17.26
1972.02,105.20,640.09,17.46
1972.03,107.70,653.72,17.81
1972.04,108.80,658.80,17.92
1972.05,107.70,650.58,17.66
1972.06,108.00,650.82,17.64
1972.07,107.20,642.92,17.40
1972.08,111.00,664.12,17.94
1972.09,109.40,653.00,17.61
1972.1,109.60,651.10,17.53
1972.11,115.10,682.16,18.34
1972.12,117.50,694.74,18.65
1973.01,118.40,698.42,18.71
1973.02,114.20,668.94,17.89
1973.03,112.40,652.31,17.41
1973.04,110.30,635.72,16.94
1973.05,107.20,613.63,16.31
1973.06,104.80,595.82,15.81
1973.07,105.80,600.15,15.89
1973.08,103.80,578.36,15.28
1973.09,105.60,587.08,15.48
1973.1,109.80,605.08,15.91
1973.11,102.00,558.42,14.65
1973.12,94.78,515.53,13.49
1974.01,96.11,518.27,13.53
1974.02,93.45,497.52,12.96
1974.03,97.44,512.25,13.31
1974.04,92.46,484.05,12.55
1974.05,89.67,463.65,12.00
1974.06,89.79,460.48,11.89
1974.07,79.31,403.44,10.39
1974.08,76.03,382.11,9.82
1974.09,68.12,338.30,8.68
1974.1,69.44,341.48,8.74
1974.11,71.74,350.05,8.95
1974.12,67.07,324.74,8.29
1975.01,72.56,349.97,8.92
1975.02,80.10,383.40,9.76
1975.03,83.78,399.49,10.16
1975.04,84.72,402.44,10.23
1975.05,90.10,425.59,10.82
1975.06,92.40,433.19,11.01
1975.07,92.49,428.82,10.90
1975.08,85.71,396.65,10.09
1975.09,84.67,389.68,9.92
1975.1,88.57,405.41,10.33
1975.11,90.07,409.29,10.44
1975.12,88.70,401.61,10.25
1976.01,96.86,437.77,11.19
1976.02,100.60,453.04,11.59
1976.03,101.10,454.48,11.63
1976.04,101.90,456.44,11.69
1976.05,101.20,450.10,11.53
1976.06,101.80,450.38,11.54
1976.07,104.20,458.57,11.76
1976.08,103.30,452.23,11.60
1976.09,105.50,460.26,11.81
1976.1,101.90,442.25,11.35
1976.11,101.20,438.46,11.25
1976.12,104.70,452.06,11.60
1977.01,103.80,445.88,11.44
1977.02,101.00,429.45,11.01
1977.03,100.60,424.87,10.90
1977.04,99.05,414.84,10.64
1977.05,98.76,411.57,10.55
1977.06,99.29,411.05,10.53
1977.07,100.20,412.77,10.57
1977.08,97.75,401.37,10.27
1977.09,96.23,393.84,10.07
1977.1,93.74,382.40,9.77
1977.11,94.28,382.74,9.77
1977.12,93.82,379.65,9.68
1978.01,90.25,362.86,9.24
1978.02,88.98,355.48,9.05
1978.03,88.82,352.04,8.95
1978.04,92.71,364.59,9.26
1978.05,97.41,379.51,9.63
1978.06,97.66,376.40,9.55
1978.07,97.19,371.73,9.43
1978.08,103.90,395.59,10.02
1978.09,103.90,392.62,9.94
1978.1,100.60,376.75,9.53
1978.11,94.71,353.11,8.93
1978.12,96.11,356.74,9.01
1979.01,99.71,366.85,9.26
1979.02,98.23,357.22,9.00
1979.03,100.10,360.37,9.07
1979.04,102.10,363.41,9.13
1979.05,99.73,350.51,8.79
1979.06,101.70,353.47,8.85
1979.07,102.70,353.04,8.83
1979.08,107.40,365.70,9.13
1979.09,108.60,365.82,9.11
1979.1,104.50,349.20,8.68
1979.11,103.70,343.33,8.52
1979.12,107.80,353.18,8.75
1980.01,110.90,358.20,8.85
1980.02,115.30,367.22,9.05
1980.03,104.70,328.47,8.08
1980.04,103.00,319.54,7.84
1980.05,107.70,330.85,8.10
1980.06,114.60,348.22,8.51
1980.07,119.80,364.02,8.88
1980.08,123.50,372.56,9.07
1980.09,126.50,378.43,9.20
1980.1,130.20,385.82,9.36
1980.11,135.70,398.83,9.65
1980.12,133.50,388.73,9.39
1981.01,133.00,384.16,9.26
1981.02,128.40,367.07,8.83
1981.03,133.20,378.21,9.08
1981.04,134.40,379.05,9.09
1981.05,131.70,368.54,8.82
1981.06,132.30,366.95,8.77
1981.07,129.10,354.17,8.45
1981.08,129.60,352.84,8.40
1981.09,118.30,318.97,7.58
1981.1,119.80,322.32,7.65
1981.11,122.90,329.60,7.81
1981.12,123.80,330.95,7.83
1982.01,117.30,312.58,7.39
1982.02,114.50,304.15,7.18
1982.03,110.80,294.63,6.95
1982.04,116.30,307.96,7.26
1982.05,116.40,305.33,7.19
1982.06,109.70,284.19,6.69
1982.07,109.40,281.96,6.64
1982.08,109.70,282.15,6.64
1982.09,122.40,314.18,7.40
1982.1,132.70,339.57,8.00
1982.11,138.10,354.11,8.35
1982.12,139.40,358.91,8.47
1983.01,144.30,370.77,8.76
1983.02,146.80,376.81,8.91
1983.03,151.90,389.90,9.23
1983.04,157.70,401.91,9.53
1983.05,164.10,415.69,9.87
1983.06,166.40,420.25,10.00
1983.07,167.00,420.07,10.01
1983.08,162.40,407.28,9.73
1983.09,167.20,417.24,9.98
1983.1,167.70,417.24,10.00
1983.11,165.20,410.21,9.85
1983.12,164.40,407.82,9.82
1984.01,166.40,410.35,9.89
1984.02,157.30,386.01,9.32
1984.03,157.40,385.51,9.33
1984.04,157.60,384.13,9.31
1984.05,156.60,380.58,9.23
1984.06,153.10,371.00,9.01
1984.07,151.10,364.74,8.87
1984.08,164.40,395.33,9.62
1984.09,166.10,397.52,9.69
1984.1,164.80,393.28,9.60
1984.11,166.30,396.86,9.69
1984.12,164.50,392.57,9.60
1985.01,171.60,408.73,10.00
1985.02,180.90,428.85,10.49
1985.03,179.40,423.70,10.37
1985.04,180.60,424.54,10.40
1985.05,184.90,433.02,10.61
1985.06,188.90,441.16,10.81
1985.07,192.50,448.73,11.00
1985.08,188.30,438.13,10.74
1985.09,184.10,427.17,10.47
1985.1,186.20,430.45,10.55
1985.11,197.50,455.32,11.16
1985.12,207.30,476.60,11.69
1986.01,208.20,477.36,11.72
1986.02,219.40,504.42,12.39
1986.03,232.30,536.53,13.19
1986.04,238.00,550.71,13.55
1986.05,238.50,550.35,13.56
1986.06,245.30,562.94,13.89
1986.07,240.20,551.23,13.62
1986.08,245.00,561.22,13.89
1986.09,238.30,543.40,13.47
1986.1,237.40,540.85,13.43
1986.11,245.10,557.89,13.87
1986.12,248.60,565.35,14.09
1987.01,264.50,597.72,14.92
1987.02,280.90,632.50,15.82
1987.03,292.50,655.69,16.43
1987.04,289.30,645.06,16.20
1987.05,289.10,642.33,16.16
1987.06,301.40,667.30,16.83
1987.07,310.10,684.75,17.31
1987.08,329.40,723.56,18.33
1987.09,318.70,696.40,17.68
1987.1,280.20,610.68,15.53
1987.11,245.00,533.50,13.59
1987.12,241.00,524.79,13.39
1988.01,250.50,544.06,13.90
1988.02,258.10,559.12,14.30
1988.03,265.70,573.11,14.67
1988.04,262.60,563.52,14.43
1988.05,256.10,547.71,14.03
1988.06,270.70,576.48,14.77
1988.07,269.10,570.65,14.61
1988.08,263.70,556.85,14.24
1988.09,268.00,562.15,14.37
1988.1,277.40,579.93,14.81
1988.11,271.00,566.08,14.45
1988.12,276.50,576.61,14.70
1989.01,285.40,592.22,15.09
1989.02,294.00,607.56,15.47
1989.03,292.70,601.41,15.30
1989.04,302.30,617.10,15.69
1989.05,313.90,637.16,16.19
1989.06,323.70,655.46,16.64
1989.07,331.90,670.44,17.01
1989.08,346.60,699.01,17.73
1989.09,347.30,698.18,17.71
1989.1,347.40,695.05,17.64
1989.11,340.20,679.02,17.24
1989.12,348.60,694.68,17.65
1990.01,339.97,670.57,17.05
1990.02,330.45,648.74,16.51
1990.03,338.46,660.85,16.83
1990.04,338.18,659.28,16.81
1990.05,350.25,681.23,17.39
1990.06,360.39,697.17,17.82
1990.07,360.03,693.80,17.75
1990.08,330.75,631.57,16.17
1990.09,315.41,597.28,15.30
1990.1,307.12,578.10,14.82
1990.11,315.29,592.15,15.19
1990.12,328.75,617.43,15.85
1991.01,325.49,607.67,15.61
1991.02,362.26,675.31,17.35
1991.03,372.28,692.96,17.82
1991.04,379.68,705.69,18.16
1991.05,377.99,700.48,18.04
1991.06,378.29,698.97,18.02
1991.07,380.23,701.53,18.10
1991.08,389.40,716.34,18.51
1991.09,387.20,709.18,18.36
1991.1,386.88,707.56,18.35
1991.11,385.92,703.76,18.29
1991.12,388.51,707.97,18.44
1992.01,416.08,757.11,19.77
1992.02,412.56,748.00,19.58
1992.03,407.36,734.86,19.28
1992.04,407.41,733.89,19.30
1992.05,414.81,746.15,19.66
1992.06,408.27,731.77,19.32
1992.07,415.05,742.33,19.62
1992.08,417.93,745.36,19.72
1992.09,418.48,744.23,19.71
1992.1,412.50,731.01,19.37
1992.11,422.84,748.28,19.83
1992.12,435.64,771.47,20.45
1993.01,435.23,766.96,20.32
1993.02,441.70,775.64,20.55
1993.03,450.16,787.75,20.86
1993.04,443.08,773.21,20.46
1993.05,445.25,775.91,20.52
1993.06,448.06,779.73,20.61
1993.07,447.29,778.39,20.56
1993.08,454.13,788.11,20.81
1993.09,459.24,795.33,20.99
1993.1,463.90,800.09,21.11
1993.11,462.89,797.80,21.04
1993.12,465.95,803.08,21.16
1994.01,472.99,812.98,21.41
1994.02,471.58,807.79,21.26
1994.03,463.81,791.79,20.83
1994.04,447.23,762.45,20.06
1994.05,450.90,768.18,20.20
1994.06,454.83,772.26,20.29
1994.07,451.40,764.37,20.07
1994.08,464.24,782.95,20.54
1994.09,466.96,785.42,20.58
1994.1,463.81,779.60,20.40
1994.11,461.01,773.86,20.21
1994.12,455.19,764.09,19.91
1995.01,465.25,777.86,20.22
1995.02,481.92,802.53,20.80
1995.03,493.15,818.52,21.15
1995.04,507.91,840.24,21.64
1995.05,523.81,864.84,22.20
1995.06,539.35,888.74,22.72
1995.07,557.37,918.44,23.38
1995.08,559.11,918.89,23.28
1995.09,578.77,949.34,23.95
1995.1,582.92,953.04,23.93
1995.11,595.53,974.29,24.35
1995.12,614.57,1006.09,25.03
1996.01,614.42,999.98,24.76
1996.02,649.54,1053.73,25.98
1996.03,647.07,1044.33,25.63
1996.04,647.17,1040.48,25.42
1996.05,661.23,1061.05,25.81
1996.06,668.50,1072.03,25.97
1996.07,644.07,1030.88,24.86
1996.08,662.68,1058.64,25.41
1996.09,674.88,1074.72,25.68
1996.1,701.46,1113.52,26.48
1996.11,735.67,1165.61,27.59
1996.12,743.25,1177.62,27.72
1997.01,766.22,1210.20,28.33
1997.02,798.39,1257.06,29.27
1997.03,792.16,1244.14,28.80
1997.04,763.93,1198.30,27.59
1997.05,833.09,1307.60,29.93
1997.06,876.29,1373.69,31.26
1997.07,925.29,1448.70,32.77
1997.08,927.24,1449.04,32.59
1997.09,937.02,1460.69,32.67
1997.1,951.16,1479.07,32.90
1997.11,938.92,1460.94,32.34
1997.12,962.37,1499.28,33.03
1998.01,963.36,1498.04,32.86
1998.02,1023.74,1588.98,34.71
1998.03,1076.83,1668.29,36.30
1998.04,1112.20,1719.91,37.28
1998.05,1108.42,1710.90,36.96
1998.06,1108.39,1708.76,36.80
1998.07,1156.58,1780.86,38.26
1998.08,1074.62,1652.64,35.42
1998.09,1020.64,1567.71,33.53
1998.1,1032.47,1582.01,33.77
1998.11,1144.43,1753.56,37.37
1998.12,1190.05,1824.57,38.82
1999.01,1248.77,1909.94,40.58
1999.02,1246.58,1904.27,40.40
1999.03,1281.66,1951.93,41.36
1999.04,1334.76,2018.12,42.70
1999.05,1332.07,2014.05,42.56
1999.06,1322.55,1999.66,42.18
1999.07,1380.99,2081.76,43.83
1999.08,1327.49,1996.32,41.93
1999.09,1318.17,1972.86,41.32
1999.1,1300.01,1942.21,40.55
1999.11,1391.00,2076.91,43.21
1999.12,1428.68,2133.17,44.20
2000.01,1425.59,2122.25,43.77
2000.02,1388.87,2055.41,42.19
2000.03,1442.21,2116.90,43.22
2000.04,1461.36,2143.75,43.53
2000.05,1418.48,2078.42,41.97
2000.06,1461.96,2130.95,42.78
2000.07,1473.00,2142.07,42.76
2000.08,1485.46,2160.19,42.87
2000.09,1468.05,2123.81,41.90
2000.1,1390.14,2007.63,39.37
2000.11,1378.04,1989.02,38.78
2000.12,1330.93,1922.12,37.27
2001.01,1335.63,1916.79,36.98
2001.02,1305.75,1866.45,35.83
2001.03,1185.85,1691.22,32.33
2001.04,1189.84,1690.19,32.17
2001.05,1270.37,1796.46,34.07
2001.06,1238.71,1748.74,33.07
2001.07,1204.45,1705.16,32.16
2001.08,1178.50,1668.42,31.40
2001.09,1044.64,1472.28,27.67
2001.1,1076.59,1522.43,28.58
2001.11,1129.68,1600.21,30.01
2001.12,1144.93,1628.24,30.50
2002.01,1140.21,1617.86,30.28
2002.02,1100.67,1555.61,29.09
2002.03,1153.79,1621.57,30.29
2002.04,1111.93,1554.04,29.01
2002.05,1079.25,1508.37,28.13
2002.06,1014.02,1416.42,26.39
2002.07,903.59,1260.76,23.46
2002.08,912.55,1269.04,23.59
2002.09,867.81,1204.82,22.37
2002.1,854.63,1184.56,21.96
2002.11,909.93,1261.20,23.35
2002.12,899.18,1249.06,23.10
2003.01,895.84,1238.94,22.90
2003.02,837.03,1148.76,21.21
2003.03,846.63,1154.99,21.31
2003.04,890.03,1216.84,22.43
2003.05,935.96,1281.73,23.59
2003.06,988.00,1351.52,24.83
2003.07,992.54,1356.26,24.87
2003.08,989.53,1347.02,24.64
2003.09,1019.44,1383.23,25.24
2003.1,1038.73,1410.93,25.68
2003.11,1049.90,1429.97,25.95
2003.12,1080.64,1473.43,26.64
2004.01,1132.52,1536.67,27.66
2004.02,1143.36,1543.04,27.65
2004.03,1123.98,1507.18,26.89
2004.04,1133.36,1514.90,26.90
2004.05,1102.78,1465.46,25.90
2004.06,1132.76,1500.53,26.40
2004.07,1105.85,1467.21,25.70
2004.08,1088.94,1444.01,25.17
2004.09,1117.66,1478.97,25.67
2004.1,1117.21,1470.63,25.41
2004.11,1168.94,1537.92,26.47
2004.12,1199.21,1583.55,27.14
2005.01,1181.41,1556.77,26.59
2005.02,1199.63,1571.72,26.74
2005.03,1194.90,1553.37,26.34
2005.04,1164.43,1503.65,25.41
2005.05,1178.28,1523.10,25.65
2005.06,1202.25,1553.28,26.07
2005.07,1222.24,1571.84,26.29
2005.08,1224.27,1566.43,26.10
2005.09,1225.92,1549.60,25.73
2005.1,1191.96,1503.65,24.88
2005.11,1237.37,1573.58,25.93
2005.12,1262.07,1611.51,26.44
2006.01,1278.73,1620.43,26.47
2006.02,1276.65,1614.54,26.25
2006.03,1293.74,1627.15,26.33
2006.04,1302.17,1623.93,26.15
2006.05,1290.01,1600.82,25.65
2006.06,1253.17,1552.04,24.75
2006.07,1260.24,1556.20,24.70
2006.08,1287.15,1586.31,25.05
2006.09,1317.74,1632.01,25.64
2006.1,1363.38,1697.74,26.54
2006.11,1388.64,1731.77,26.93
2006.12,1416.42,1763.79,27.28
2007.01,1424.16,1768.03,27.21
2007.02,1444.80,1784.11,27.32
2007.03,1406.95,1721.69,26.23
2007.04,1463.64,1779.50,26.98
2007.05,1511.14,1826.09,27.55
2007.06,1514.19,1826.24,27.42
2007.07,1520.71,1834.57,27.41
2007.08,1454.62,1758.06,26.15
2007.09,1497.12,1804.46,26.73
2007.1,1539.66,1851.77,27.32
2007.11,1463.39,1749.65,25.73
2007.12,1479.22,1769.76,25.96
2008.01,1378.76,1641.41,24.02
2008.02,1354.87,1608.30,23.50
2008.03,1316.94,1549.84,22.61
2008.04,1370.47,1603.11,23.36
2008.05,1403.22,1627.71,23.70
2008.06,1341.25,1540.31,22.42
2008.07,1257.33,1436.39,20.91
2008.08,1281.47,1469.84,21.40
2008.09,1216.95,1397.77,20.36
2008.1,968.8,1124.10,16.39
2008.11,883.04,1044.60,15.26
2008.12,877.56,1048.97,15.38
2009.01,865.58,1030.16,15.17
2009.02,805.23,953.60,14.12
2009.03,757.13,894.46,13.32
2009.04,848.15,999.49,14.98
2009.05,902.41,1060.37,16.00
2009.06,926.12,1078.96,16.38
2009.07,935.82,1091.99,16.69
2009.08,1009.73,1175.60,18.09
2009.09,1044.55,1215.38,18.83
2009.1,1067.66,1241.08,19.36
2009.11,1088.07,1263.91,19.81
2009.12,1110.38,1292.10,20.32
2010.01,1123.58,1303.01,20.53
2010.02,1089.16,1262.77,19.92
2010.03,1152.05,1330.23,21.00
2010.04,1197.32,1380.10,21.80
2010.05,1125.06,1295.81,20.48
2010.06,1083.36,1249.00,19.74
2010.07,1079.8,1244.63,19.67
2010.08,1087.28,1251.52,19.77
2010.09,1122.08,1290.83,20.38
2010.1,1171.58,1346.10,21.24
2010.11,1198.89,1376.90,21.70
2010.12,1241.53,1423.42,22.40
2011.01,1282.62,1463.56,22.98
2011.02,1321.12,1500.09,23.49
2011.03,1304.49,1466.91,22.90
2011.04,1331.51,1487.71,23.14
2011.05,1338.31,1488.31,23.06
2011.06,1287.29,1433.10,22.10
2011.07,1325.19,1473.99,22.61
2011.08,1185.31,1314.78,20.05
2011.09,1173.88,1300.13,19.70
2011.1,1207.22,1339.82,20.16
2011.11,1226.42,1362.27,20.35
2011.12,1243.32,1384.46,20.52
2012.01,1300.58,1441.88,21.21
2012.02,1352.49,1492.85,21.80
2012.03,1389.24,1521.86,22.05
2012.04,1386.43,1514.21,21.78
2012.05,1341.27,1466.60,20.94
2012.06,1323.48,1449.28,20.55
2012.07,1359.78,1491.46,21.00
2012.08,1403.45,1530.84,21.41
2012.09,1443.42,1567.44,21.78
2012.1,1437.82,1561.97,21.58
2012.11,1394.51,1522.13,20.90
2012.12,1422.29,1556.65,21.24
2013.01,1480.4,1615.47,21.90
2013.02,1512.31,1636.88,22.05
2013.03,1550.83,1674.20,22.42
2013.04,1570.7,1697.41,22.60
2013.05,1639.84,1768.98,23.41
2013.06,1618.77,1742.07,22.93
2013.07,1668.68,1795.08,23.49
2013.08,1670.09,1794.43,23.36
2013.09,1687.17,1810.68,23.44
2013.1,1720.03,1850.71,23.83
2013.11,1783.54,1922.97,24.64
2013.12,1807.78,1949.28,24.86
2014.01,1822.36,1957.71,24.86
2014.02,1817.04,1944.81,24.59
2014.03,1863.52,1981.79,24.96
2014.04,1864.26,1976.07,24.79
2014.05,1889.77,1996.13,24.94
2014.06,1947.09,2052.86,25.56
2014.07,1973.1,2081.09,25.82
2014.08,1961.53,2072.35,25.62
2014.09,1993.23,2104.26,25.92
2014.1,1937.27,2050.33,25.16
2014.11,2044.57,2175.64,26.61
2014.12,2054.27,2198.43,26.79
2015.01,2028.18,2180.77,26.49
2015.02,2082.2,2229.17,27.00
2015.03,2079.99,2213.63,26.73
2015.04,2094.86,2224.93,26.79
2015.05,2111.94,2231.70,26.81
2015.06,2099.29,2210.59,26.50
2015.07,2094.14,2205.02,26.38
2015.08,2039.87,2150.92,25.69
2015.09,1944.41,2053.46,24.50
2015.1,2024.81,2139.33,25.49
2015.11,2080.62,2202.95,26.23
2015.12,2054.08,2182.31,25.97
2016.01,1918.6,2035.00,24.21
2016.02,1904.42,2018.30,24.00
2016.03,2021.95,2133.67,25.37
2016.04,2075.54,2179.89,25.92
2016.05,2065.55,2160.66,25.69
2016.06,2083.89,2172.70,25.84
2016.07,2148.9,2244.12,26.69
2016.08,2170.95,2265.06,26.95
2016.09,2157.69,2245.83,26.73
2016.1,2143.02,2227.78,26.53
2016.11,2164.99,2254.13,26.85
2016.12,2246.63,2338.36,27.87
2017.01,2275.12,2354.30,28.06
2017.02,2329.91,2403.43,28.66
2017.03,2366.82,2439.52,29.09
2017.04,2359.31,2424.59,28.90
2017.05,2395.35,2459.53,29.31
2017.06,2433.99,2496.94,29.75
2017.07,2454.1,2519.31,30.00
2017.08,2456.22,2513.95,29.91
2017.09,2492.84,2538.00,30.17
2017.1,2557,2604.97,30.92
2017.11,2593.61,2642.20,31.30
2017.12,2664.34,2715.85,32.09
2018.01,2789.8,2828.33,33.31
2018.02,2705.16,2730.14,32.12
2018.03,2702.77,2721.57,31.99
2018.04,2653.63,2661.51,31.24
2018.05,2701.49,2704.16,31.68
2018.06,2746.87,2746.87,32.11